Indicador ID,Indicador Nombre,Período,Mes,Ministerio ID,Ministerio Nombre,Línea ID,Línea Título,Valor,Unidad,Meta,Fuente,Responsable Nombre,Responsable Email,Observaciones,Estado,Publicado,Creado En,Actualizado En
APROMOVERELASESORAMI,"A) Promover el asesoramiento y patrocinio jurídico penal gratuito para víctimas de violencia de género, violencia sexual y trata de personas a través de la Secretaría de Justicia.",2024,JUN,JUS,Justicia,JUSTICIA,Justicia,266,,,Excel Original,Sistema Automático,sistema@pio.gob.ar,,validado,No,2025-09-12T14:56:13.600Z,2025-09-12T14:56:13.601Z
APROMOVERELASESORAMI,"A) Promover el asesoramiento y patrocinio jurídico penal gratuito para víctimas de violencia de género, violencia sexual y trata de personas a través de la Secretaría de Justicia.",2024,JUL,JUS,Justicia,JUSTICIA,Justicia,2471307,,,Excel Original,Sistema Automático,sistema@pio.gob.ar,,validado,No,2025-09-12T14:56:13.601Z,2025-09-12T14:56:13.601Z
APROMOVERELASESORAMI,"A) Promover el asesoramiento y patrocinio jurídico penal gratuito para víctimas de violencia de género, violencia sexual y trata de personas a través de la Secretaría de Justicia.",2024,AGO,JUS,Justicia,JUSTICIA,Justicia,58,,,Excel Original,Sistema Automático,sistema@pio.gob.ar,,validado,No,2025-09-12T14:56:13.601Z,2025-09-12T14:56:13.601Z
APROMOVERELASESORAMI,"A) Promover el asesoramiento y patrocinio jurídico penal gratuito para víctimas de violencia de género, violencia sexual y trata de personas a través de la Secretaría de Justicia.",2024,SEP,JUS,Justicia,JUSTICIA,Justicia,23915259,,,Excel Original,Sistema Automático,sistema@pio.gob.ar,,validado,No,2025-09-12T14:56:13.601Z,2025-09-12T14:56:13.601Z
APROMOVERELASESORAMI,"A) Promover el asesoramiento y patrocinio jurídico penal gratuito para víctimas de violencia de género, violencia sexual y trata de personas a través de la Secretaría de Justicia.",2024,OCT,JUS,Justicia,JUSTICIA,Justicia,910.161015,,,Excel Original,Sistema Automático,sistema@pio.gob.ar,,validado,No,2025-09-12T14:56:13.601Z,2025-09-12T14:56:13.601Z
APROMOVERELASESORAMI,"A) Promover el asesoramiento y patrocinio jurídico penal gratuito para víctimas de violencia de género, violencia sexual y trata de personas a través de la Secretaría de Justicia.",2024,NOV,JUS,Justicia,JUSTICIA,Justicia,211.1911,,,Excel Original,Sistema Automático,sistema@pio.gob.ar,,validado,No,2025-09-12T14:56:13.601Z,2025-09-12T14:56:13.601Z
CANTIDADDEREUNIONESY,"Cantidad de reuniones y/o encuentros formales entre autoridades locales así como con otros actores relevantes (poder judicial, legisladores, especialistas en género, organizaciones de la sociedad civil, etc)",2024,ENE,JUS,Justicia,BIMPULSARCONVERSACIO,"B) Impulsar conversaciones para alcanzar la transferencia de competencias y la creación de un fuero que permita abordar la problemática de la violencia por razones de género, en la justicia local, de manera coordinada y unificada.",0,,,Excel Original,Sistema Automático,sistema@pio.gob.ar,,validado,No,2025-09-12T14:56:13.601Z,2025-09-12T14:56:13.601Z
CANTIDADDEREUNIONESY,"Cantidad de reuniones y/o encuentros formales entre autoridades locales así como con otros actores relevantes (poder judicial, legisladores, especialistas en género, organizaciones de la sociedad civil, etc)",2024,FEB,JUS,Justicia,BIMPULSARCONVERSACIO,"B) Impulsar conversaciones para alcanzar la transferencia de competencias y la creación de un fuero que permita abordar la problemática de la violencia por razones de género, en la justicia local, de manera coordinada y unificada.",1,,,Excel Original,Sistema Automático,sistema@pio.gob.ar,,validado,No,2025-09-12T14:56:13.601Z,2025-09-12T14:56:13.601Z
CANTIDADDEREUNIONESY,"Cantidad de reuniones y/o encuentros formales entre autoridades locales así como con otros actores relevantes (poder judicial, legisladores, especialistas en género, organizaciones de la sociedad civil, etc)",2024,MAR,JUS,Justicia,BIMPULSARCONVERSACIO,"B) Impulsar conversaciones para alcanzar la transferencia de competencias y la creación de un fuero que permita abordar la problemática de la violencia por razones de género, en la justicia local, de manera coordinada y unificada.",1,,,Excel Original,Sistema Automático,sistema@pio.gob.ar,,validado,No,2025-09-12T14:56:13.601Z,2025-09-12T14:56:13.601Z
CANTIDADDEREUNIONESY,"Cantidad de reuniones y/o encuentros formales entre autoridades locales así como con otros actores relevantes (poder judicial, legisladores, especialistas en género, organizaciones de la sociedad civil, etc)",2024,ABR,JUS,Justicia,BIMPULSARCONVERSACIO,"B) Impulsar conversaciones para alcanzar la transferencia de competencias y la creación de un fuero que permita abordar la problemática de la violencia por razones de género, en la justicia local, de manera coordinada y unificada.",0,,,Excel Original,Sistema Automático,sistema@pio.gob.ar,,validado,No,2025-09-12T14:56:13.601Z,2025-09-12T14:56:13.601Z
CANTIDADDEREUNIONESY,"Cantidad de reuniones y/o encuentros formales entre autoridades locales así como con otros actores relevantes (poder judicial, legisladores, especialistas en género, organizaciones de la sociedad civil, etc)",2024,MAY,JUS,Justicia,BIMPULSARCONVERSACIO,"B) Impulsar conversaciones para alcanzar la transferencia de competencias y la creación de un fuero que permita abordar la problemática de la violencia por razones de género, en la justicia local, de manera coordinada y unificada.",0,,,Excel Original,Sistema Automático,sistema@pio.gob.ar,,validado,No,2025-09-12T14:56:13.601Z,2025-09-12T14:56:13.601Z
CANTIDADDEREUNIONESY,"Cantidad de reuniones y/o encuentros formales entre autoridades locales así como con otros actores relevantes (poder judicial, legisladores, especialistas en género, organizaciones de la sociedad civil, etc)",2024,JUN,JUS,Justicia,BIMPULSARCONVERSACIO,"B) Impulsar conversaciones para alcanzar la transferencia de competencias y la creación de un fuero que permita abordar la problemática de la violencia por razones de género, en la justicia local, de manera coordinada y unificada.",2,,,Excel Original,Sistema Automático,sistema@pio.gob.ar,,validado,No,2025-09-12T14:56:13.601Z,2025-09-12T14:56:13.601Z
CANTIDADDEREUNIONESY,"Cantidad de reuniones y/o encuentros formales entre autoridades locales así como con otros actores relevantes (poder judicial, legisladores, especialistas en género, organizaciones de la sociedad civil, etc)",2024,JUL,JUS,Justicia,BIMPULSARCONVERSACIO,"B) Impulsar conversaciones para alcanzar la transferencia de competencias y la creación de un fuero que permita abordar la problemática de la violencia por razones de género, en la justicia local, de manera coordinada y unificada.",2,,,Excel Original,Sistema Automático,sistema@pio.gob.ar,,validado,No,2025-09-12T14:56:13.601Z,2025-09-12T14:56:13.601Z
CANTIDADDEREUNIONESY,"Cantidad de reuniones y/o encuentros formales entre autoridades locales así como con otros actores relevantes (poder judicial, legisladores, especialistas en género, organizaciones de la sociedad civil, etc)",2024,AGO,JUS,Justicia,BIMPULSARCONVERSACIO,"B) Impulsar conversaciones para alcanzar la transferencia de competencias y la creación de un fuero que permita abordar la problemática de la violencia por razones de género, en la justicia local, de manera coordinada y unificada.",1,,,Excel Original,Sistema Automático,sistema@pio.gob.ar,,validado,No,2025-09-12T14:56:13.601Z,2025-09-12T14:56:13.601Z
CANTIDADDEREUNIONESY,"Cantidad de reuniones y/o encuentros formales entre autoridades locales así como con otros actores relevantes (poder judicial, legisladores, especialistas en género, organizaciones de la sociedad civil, etc)",2024,SEP,JUS,Justicia,BIMPULSARCONVERSACIO,"B) Impulsar conversaciones para alcanzar la transferencia de competencias y la creación de un fuero que permita abordar la problemática de la violencia por razones de género, en la justicia local, de manera coordinada y unificada.",3,,,Excel Original,Sistema Automático,sistema@pio.gob.ar,,validado,No,2025-09-12T14:56:13.601Z,2025-09-12T14:56:13.601Z
CANTIDADDEREUNIONESY,"Cantidad de reuniones y/o encuentros formales entre autoridades locales así como con otros actores relevantes (poder judicial, legisladores, especialistas en género, organizaciones de la sociedad civil, etc)",2024,OCT,JUS,Justicia,BIMPULSARCONVERSACIO,"B) Impulsar conversaciones para alcanzar la transferencia de competencias y la creación de un fuero que permita abordar la problemática de la violencia por razones de género, en la justicia local, de manera coordinada y unificada.",2,,,Excel Original,Sistema Automático,sistema@pio.gob.ar,,validado,No,2025-09-12T14:56:13.601Z,2025-09-12T14:56:13.601Z
CANTIDADDEREUNIONESY,"Cantidad de reuniones y/o encuentros formales entre autoridades locales así como con otros actores relevantes (poder judicial, legisladores, especialistas en género, organizaciones de la sociedad civil, etc)",2024,NOV,JUS,Justicia,BIMPULSARCONVERSACIO,"B) Impulsar conversaciones para alcanzar la transferencia de competencias y la creación de un fuero que permita abordar la problemática de la violencia por razones de género, en la justicia local, de manera coordinada y unificada.",2,,,Excel Original,Sistema Automático,sistema@pio.gob.ar,,validado,No,2025-09-12T14:56:13.601Z,2025-09-12T14:56:13.601Z
CANTIDADDEREUNIONESY,"Cantidad de reuniones y/o encuentros formales entre autoridades locales así como con otros actores relevantes (poder judicial, legisladores, especialistas en género, organizaciones de la sociedad civil, etc)",2024,DIC,JUS,Justicia,BIMPULSARCONVERSACIO,"B) Impulsar conversaciones para alcanzar la transferencia de competencias y la creación de un fuero que permita abordar la problemática de la violencia por razones de género, en la justicia local, de manera coordinada y unificada.",1,,,Excel Original,Sistema Automático,sistema@pio.gob.ar,,validado,No,2025-09-12T14:56:13.601Z,2025-09-12T14:56:13.601Z
CANTIDADDEENCUENTROS,Cantidad de encuentros formales entre actores relevantes para trabajar en la modificacion del registro de deudores alimentarios,2024,ENE,JUS,Justicia,CTRABAJARENLAMODIFIC,C) Trabajar en la modificación de la Ley N° 269 que crea en el ámbito de la Ciudad Autónoma de Buenos Aires el Registro de Deudores/as Alimentarios/as Morosos/as.,0,,,Excel Original,Sistema Automático,sistema@pio.gob.ar,,validado,No,2025-09-12T14:56:13.601Z,2025-09-12T14:56:13.601Z
CANTIDADDEENCUENTROS,Cantidad de encuentros formales entre actores relevantes para trabajar en la modificacion del registro de deudores alimentarios,2024,FEB,JUS,Justicia,CTRABAJARENLAMODIFIC,C) Trabajar en la modificación de la Ley N° 269 que crea en el ámbito de la Ciudad Autónoma de Buenos Aires el Registro de Deudores/as Alimentarios/as Morosos/as.,0,,,Excel Original,Sistema Automático,sistema@pio.gob.ar,,validado,No,2025-09-12T14:56:13.601Z,2025-09-12T14:56:13.601Z
CANTIDADDEENCUENTROS,Cantidad de encuentros formales entre actores relevantes para trabajar en la modificacion del registro de deudores alimentarios,2024,MAR,JUS,Justicia,CTRABAJARENLAMODIFIC,C) Trabajar en la modificación de la Ley N° 269 que crea en el ámbito de la Ciudad Autónoma de Buenos Aires el Registro de Deudores/as Alimentarios/as Morosos/as.,0,,,Excel Original,Sistema Automático,sistema@pio.gob.ar,,validado,No,2025-09-12T14:56:13.601Z,2025-09-12T14:56:13.601Z
CANTIDADDEENCUENTROS,Cantidad de encuentros formales entre actores relevantes para trabajar en la modificacion del registro de deudores alimentarios,2024,ABR,JUS,Justicia,CTRABAJARENLAMODIFIC,C) Trabajar en la modificación de la Ley N° 269 que crea en el ámbito de la Ciudad Autónoma de Buenos Aires el Registro de Deudores/as Alimentarios/as Morosos/as.,1,,,Excel Original,Sistema Automático,sistema@pio.gob.ar,,validado,No,2025-09-12T14:56:13.601Z,2025-09-12T14:56:13.601Z
CANTIDADDEENCUENTROS,Cantidad de encuentros formales entre actores relevantes para trabajar en la modificacion del registro de deudores alimentarios,2024,MAY,JUS,Justicia,CTRABAJARENLAMODIFIC,C) Trabajar en la modificación de la Ley N° 269 que crea en el ámbito de la Ciudad Autónoma de Buenos Aires el Registro de Deudores/as Alimentarios/as Morosos/as.,0,,,Excel Original,Sistema Automático,sistema@pio.gob.ar,,validado,No,2025-09-12T14:56:13.601Z,2025-09-12T14:56:13.601Z
CANTIDADDEENCUENTROS,Cantidad de encuentros formales entre actores relevantes para trabajar en la modificacion del registro de deudores alimentarios,2024,JUN,JUS,Justicia,CTRABAJARENLAMODIFIC,C) Trabajar en la modificación de la Ley N° 269 que crea en el ámbito de la Ciudad Autónoma de Buenos Aires el Registro de Deudores/as Alimentarios/as Morosos/as.,1,,,Excel Original,Sistema Automático,sistema@pio.gob.ar,,validado,No,2025-09-12T14:56:13.601Z,2025-09-12T14:56:13.601Z
CANTIDADDEENCUENTROS,Cantidad de encuentros formales entre actores relevantes para trabajar en la modificacion del registro de deudores alimentarios,2024,JUL,JUS,Justicia,CTRABAJARENLAMODIFIC,C) Trabajar en la modificación de la Ley N° 269 que crea en el ámbito de la Ciudad Autónoma de Buenos Aires el Registro de Deudores/as Alimentarios/as Morosos/as.,2,,,Excel Original,Sistema Automático,sistema@pio.gob.ar,,validado,No,2025-09-12T14:56:13.601Z,2025-09-12T14:56:13.601Z
CANTIDADDEENCUENTROS,Cantidad de encuentros formales entre actores relevantes para trabajar en la modificacion del registro de deudores alimentarios,2024,AGO,JUS,Justicia,CTRABAJARENLAMODIFIC,C) Trabajar en la modificación de la Ley N° 269 que crea en el ámbito de la Ciudad Autónoma de Buenos Aires el Registro de Deudores/as Alimentarios/as Morosos/as.,0,,,Excel Original,Sistema Automático,sistema@pio.gob.ar,,validado,No,2025-09-12T14:56:13.601Z,2025-09-12T14:56:13.601Z
CANTIDADDEENCUENTROS,Cantidad de encuentros formales entre actores relevantes para trabajar en la modificacion del registro de deudores alimentarios,2024,SEP,JUS,Justicia,CTRABAJARENLAMODIFIC,C) Trabajar en la modificación de la Ley N° 269 que crea en el ámbito de la Ciudad Autónoma de Buenos Aires el Registro de Deudores/as Alimentarios/as Morosos/as.,1,,,Excel Original,Sistema Automático,sistema@pio.gob.ar,,validado,No,2025-09-12T14:56:13.601Z,2025-09-12T14:56:13.601Z
CANTIDADDEENCUENTROS,Cantidad de encuentros formales entre actores relevantes para trabajar en la modificacion del registro de deudores alimentarios,2024,OCT,JUS,Justicia,CTRABAJARENLAMODIFIC,C) Trabajar en la modificación de la Ley N° 269 que crea en el ámbito de la Ciudad Autónoma de Buenos Aires el Registro de Deudores/as Alimentarios/as Morosos/as.,0,,,Excel Original,Sistema Automático,sistema@pio.gob.ar,,validado,No,2025-09-12T14:56:13.601Z,2025-09-12T14:56:13.601Z
CANTIDADDEENCUENTROS,Cantidad de encuentros formales entre actores relevantes para trabajar en la modificacion del registro de deudores alimentarios,2024,NOV,JUS,Justicia,CTRABAJARENLAMODIFIC,C) Trabajar en la modificación de la Ley N° 269 que crea en el ámbito de la Ciudad Autónoma de Buenos Aires el Registro de Deudores/as Alimentarios/as Morosos/as.,2,,,Excel Original,Sistema Automático,sistema@pio.gob.ar,,validado,No,2025-09-12T14:56:13.601Z,2025-09-12T14:56:13.601Z
CANTIDADDEENCUENTROS,Cantidad de encuentros virtuales/presenciales con otras juridicciones para difundir el indice de paridad politica,2024,ENE,JUS,Justicia,DDIFUNDIRELNDICEDEPA,"D) Difundir el Índice de Paridad Política, las recomendaciones para su implementación y el asesoramiento para su desarrollo en otras jurisdicciones como iniciativa para el impulso de la autonomía de las mujeres en la toma de decisiones.",9,,,Excel Original,Sistema Automático,sistema@pio.gob.ar,,validado,No,2025-09-12T14:56:13.601Z,2025-09-12T14:56:13.601Z
CANTIDADDEENCUENTROS,Cantidad de encuentros virtuales/presenciales con otras juridicciones para difundir el indice de paridad politica,2024,FEB,JUS,Justicia,DDIFUNDIRELNDICEDEPA,"D) Difundir el Índice de Paridad Política, las recomendaciones para su implementación y el asesoramiento para su desarrollo en otras jurisdicciones como iniciativa para el impulso de la autonomía de las mujeres en la toma de decisiones.",0,,,Excel Original,Sistema Automático,sistema@pio.gob.ar,No hubo,validado,No,2025-09-12T14:56:13.601Z,2025-09-12T14:56:13.601Z
CANTIDADDEENCUENTROS,Cantidad de encuentros virtuales/presenciales con otras juridicciones para difundir el indice de paridad politica,2024,MAR,JUS,Justicia,DDIFUNDIRELNDICEDEPA,"D) Difundir el Índice de Paridad Política, las recomendaciones para su implementación y el asesoramiento para su desarrollo en otras jurisdicciones como iniciativa para el impulso de la autonomía de las mujeres en la toma de decisiones.",19,,,Excel Original,Sistema Automático,sistema@pio.gob.ar,,validado,No,2025-09-12T14:56:13.601Z,2025-09-12T14:56:13.601Z
CANTIDADDEENCUENTROS,Cantidad de encuentros virtuales/presenciales con otras juridicciones para difundir el indice de paridad politica,2024,ABR,JUS,Justicia,DDIFUNDIRELNDICEDEPA,"D) Difundir el Índice de Paridad Política, las recomendaciones para su implementación y el asesoramiento para su desarrollo en otras jurisdicciones como iniciativa para el impulso de la autonomía de las mujeres en la toma de decisiones.",0,,,Excel Original,Sistema Automático,sistema@pio.gob.ar,No hubo,validado,No,2025-09-12T14:56:13.601Z,2025-09-12T14:56:13.601Z
CANTIDADDEENCUENTROS,Cantidad de encuentros virtuales/presenciales con otras juridicciones para difundir el indice de paridad politica,2024,MAY,JUS,Justicia,DDIFUNDIRELNDICEDEPA,"D) Difundir el Índice de Paridad Política, las recomendaciones para su implementación y el asesoramiento para su desarrollo en otras jurisdicciones como iniciativa para el impulso de la autonomía de las mujeres en la toma de decisiones.",3,,,Excel Original,Sistema Automático,sistema@pio.gob.ar,,validado,No,2025-09-12T14:56:13.601Z,2025-09-12T14:56:13.601Z
CANTIDADDEENCUENTROS,Cantidad de encuentros virtuales/presenciales con otras juridicciones para difundir el indice de paridad politica,2024,JUN,JUS,Justicia,DDIFUNDIRELNDICEDEPA,"D) Difundir el Índice de Paridad Política, las recomendaciones para su implementación y el asesoramiento para su desarrollo en otras jurisdicciones como iniciativa para el impulso de la autonomía de las mujeres en la toma de decisiones.",0,,,Excel Original,Sistema Automático,sistema@pio.gob.ar,No hubo,validado,No,2025-09-12T14:56:13.601Z,2025-09-12T14:56:13.601Z
CANTIDADDEENCUENTROS,Cantidad de encuentros virtuales/presenciales con otras juridicciones para difundir el indice de paridad politica,2024,JUL,JUS,Justicia,DDIFUNDIRELNDICEDEPA,"D) Difundir el Índice de Paridad Política, las recomendaciones para su implementación y el asesoramiento para su desarrollo en otras jurisdicciones como iniciativa para el impulso de la autonomía de las mujeres en la toma de decisiones.",0,,,Excel Original,Sistema Automático,sistema@pio.gob.ar,No hubo,validado,No,2025-09-12T14:56:13.601Z,2025-09-12T14:56:13.601Z
CANTIDADDEENCUENTROS,Cantidad de encuentros virtuales/presenciales con otras juridicciones para difundir el indice de paridad politica,2024,AGO,JUS,Justicia,DDIFUNDIRELNDICEDEPA,"D) Difundir el Índice de Paridad Política, las recomendaciones para su implementación y el asesoramiento para su desarrollo en otras jurisdicciones como iniciativa para el impulso de la autonomía de las mujeres en la toma de decisiones.",19,,,Excel Original,Sistema Automático,sistema@pio.gob.ar,,validado,No,2025-09-12T14:56:13.601Z,2025-09-12T14:56:13.601Z
CANTIDADDEENCUENTROS,Cantidad de encuentros virtuales/presenciales con otras juridicciones para difundir el indice de paridad politica,2024,SEP,JUS,Justicia,DDIFUNDIRELNDICEDEPA,"D) Difundir el Índice de Paridad Política, las recomendaciones para su implementación y el asesoramiento para su desarrollo en otras jurisdicciones como iniciativa para el impulso de la autonomía de las mujeres en la toma de decisiones.",0,,,Excel Original,Sistema Automático,sistema@pio.gob.ar,No hubo,validado,No,2025-09-12T14:56:13.601Z,2025-09-12T14:56:13.601Z
CANTIDADDEENCUENTROS,Cantidad de encuentros virtuales/presenciales con otras juridicciones para difundir el indice de paridad politica,2024,OCT,JUS,Justicia,DDIFUNDIRELNDICEDEPA,"D) Difundir el Índice de Paridad Política, las recomendaciones para su implementación y el asesoramiento para su desarrollo en otras jurisdicciones como iniciativa para el impulso de la autonomía de las mujeres en la toma de decisiones.",0,,,Excel Original,Sistema Automático,sistema@pio.gob.ar,No hubo,validado,No,2025-09-12T14:56:13.601Z,2025-09-12T14:56:13.601Z
ACCIONESDESARROLLADA,Acciones desarrolladas en articulacion con la DG de Autonomia Economica de la Mujer para desarrollar la Expo EMpleo Barrial Edicion Mujer,2024,ENE,JUS,Justicia,EARTICULARCONLADIREC,"E) Articular con la Dirección General de Autonomía Económica de la Mujer, dependiente de la Subsecretaría de la Mujer, el desarrollo de las Expo Empleo Barrial Edición Mujer.",0,,,Excel Original,Sistema Automático,sistema@pio.gob.ar,No hubo,validado,No,2025-09-12T14:56:13.601Z,2025-09-12T14:56:13.601Z
ACCIONESDESARROLLADA,Acciones desarrolladas en articulacion con la DG de Autonomia Economica de la Mujer para desarrollar la Expo EMpleo Barrial Edicion Mujer,2024,FEB,JUS,Justicia,EARTICULARCONLADIREC,"E) Articular con la Dirección General de Autonomía Económica de la Mujer, dependiente de la Subsecretaría de la Mujer, el desarrollo de las Expo Empleo Barrial Edición Mujer.",0,,,Excel Original,Sistema Automático,sistema@pio.gob.ar,No hubo,validado,No,2025-09-12T14:56:13.602Z,2025-09-12T14:56:13.602Z
ACCIONESDESARROLLADA,Acciones desarrolladas en articulacion con la DG de Autonomia Economica de la Mujer para desarrollar la Expo EMpleo Barrial Edicion Mujer,2024,MAR,JUS,Justicia,EARTICULARCONLADIREC,"E) Articular con la Dirección General de Autonomía Económica de la Mujer, dependiente de la Subsecretaría de la Mujer, el desarrollo de las Expo Empleo Barrial Edición Mujer.",0,,,Excel Original,Sistema Automático,sistema@pio.gob.ar,Intercambio de maills para elaboración conjunta del "Acta de Compromiso de Colaboración" entre Mtrio Justicia CABA y la Municipalidad de Vicente Lopez.,validado,No,2025-09-12T14:56:13.602Z,2025-09-12T14:56:13.602Z
ACCIONESDESARROLLADA,Acciones desarrolladas en articulacion con la DG de Autonomia Economica de la Mujer para desarrollar la Expo EMpleo Barrial Edicion Mujer,2024,ABR,JUS,Justicia,EARTICULARCONLADIREC,"E) Articular con la Dirección General de Autonomía Económica de la Mujer, dependiente de la Subsecretaría de la Mujer, el desarrollo de las Expo Empleo Barrial Edición Mujer.",0,,,Excel Original,Sistema Automático,sistema@pio.gob.ar,Intercambio de maills para elaboración conjunta del "Acta de Compromiso de Colaboración" entre Mtrio Justicia CABA y la Municipalidad de Vicente Lopez.,validado,No,2025-09-12T14:56:13.602Z,2025-09-12T14:56:13.602Z
ACCIONESDESARROLLADA,Acciones desarrolladas en articulacion con la DG de Autonomia Economica de la Mujer para desarrollar la Expo EMpleo Barrial Edicion Mujer,2024,MAY,JUS,Justicia,EARTICULARCONLADIREC,"E) Articular con la Dirección General de Autonomía Económica de la Mujer, dependiente de la Subsecretaría de la Mujer, el desarrollo de las Expo Empleo Barrial Edición Mujer.",0,,,Excel Original,Sistema Automático,sistema@pio.gob.ar,No hubo,validado,No,2025-09-12T14:56:13.602Z,2025-09-12T14:56:13.602Z
ACCIONESDESARROLLADA,Acciones desarrolladas en articulacion con la DG de Autonomia Economica de la Mujer para desarrollar la Expo EMpleo Barrial Edicion Mujer,2024,JUN,JUS,Justicia,EARTICULARCONLADIREC,"E) Articular con la Dirección General de Autonomía Económica de la Mujer, dependiente de la Subsecretaría de la Mujer, el desarrollo de las Expo Empleo Barrial Edición Mujer.",0,,,Excel Original,Sistema Automático,sistema@pio.gob.ar,No hubo,validado,No,2025-09-12T14:56:13.602Z,2025-09-12T14:56:13.602Z
ACCIONESDESARROLLADA,Acciones desarrolladas en articulacion con la DG de Autonomia Economica de la Mujer para desarrollar la Expo EMpleo Barrial Edicion Mujer,2024,JUL,JUS,Justicia,EARTICULARCONLADIREC,"E) Articular con la Dirección General de Autonomía Económica de la Mujer, dependiente de la Subsecretaría de la Mujer, el desarrollo de las Expo Empleo Barrial Edición Mujer.",0,,,Excel Original,Sistema Automático,sistema@pio.gob.ar,No hubo,validado,No,2025-09-12T14:56:13.602Z,2025-09-12T14:56:13.602Z
ACCIONESDESARROLLADA,Acciones desarrolladas en articulacion con la DG de Autonomia Economica de la Mujer para desarrollar la Expo EMpleo Barrial Edicion Mujer,2024,AGO,JUS,Justicia,EARTICULARCONLADIREC,"E) Articular con la Dirección General de Autonomía Económica de la Mujer, dependiente de la Subsecretaría de la Mujer, el desarrollo de las Expo Empleo Barrial Edición Mujer.",0,,,Excel Original,Sistema Automático,sistema@pio.gob.ar,No hubo,validado,No,2025-09-12T14:56:13.602Z,2025-09-12T14:56:13.602Z
ACCIONESDESARROLLADA,Acciones desarrolladas en articulacion con la DG de Autonomia Economica de la Mujer para desarrollar la Expo EMpleo Barrial Edicion Mujer,2024,SEP,JUS,Justicia,EARTICULARCONLADIREC,"E) Articular con la Dirección General de Autonomía Económica de la Mujer, dependiente de la Subsecretaría de la Mujer, el desarrollo de las Expo Empleo Barrial Edición Mujer.",0,,,Excel Original,Sistema Automático,sistema@pio.gob.ar,No hubo,validado,No,2025-09-12T14:56:13.602Z,2025-09-12T14:56:13.602Z
ACCIONESDESARROLLADA,Acciones desarrolladas en articulacion con la DG de Autonomia Economica de la Mujer para desarrollar la Expo EMpleo Barrial Edicion Mujer,2024,OCT,JUS,Justicia,EARTICULARCONLADIREC,"E) Articular con la Dirección General de Autonomía Económica de la Mujer, dependiente de la Subsecretaría de la Mujer, el desarrollo de las Expo Empleo Barrial Edición Mujer.",1,,,Excel Original,Sistema Automático,sistema@pio.gob.ar,,validado,No,2025-09-12T14:56:13.602Z,2025-09-12T14:56:13.602Z
ACCIONESDESARROLLADA,Acciones desarrolladas en articulacion con la DG de Autonomia Economica de la Mujer para desarrollar la Expo EMpleo Barrial Edicion Mujer,2024,NOV,JUS,Justicia,EARTICULARCONLADIREC,"E) Articular con la Dirección General de Autonomía Económica de la Mujer, dependiente de la Subsecretaría de la Mujer, el desarrollo de las Expo Empleo Barrial Edición Mujer.",0,,,Excel Original,Sistema Automático,sistema@pio.gob.ar,Mentoreo en el marco de "Mujeres en Carrera",validado,No,2025-09-12T14:56:13.602Z,2025-09-12T14:56:13.602Z
CANTIDADDEPERSONASAS,Cantidad de personas asesoradas por mes: Total de personas en situación de violencia por razones de género en el ámbito laboral que reciben asesoramiento por parte de la Secretaría de Trabajo y Empleo.,2024,ENE,JUS,Justicia,FCONTINUARCONELASESO,"F) Continuar con el asesoramiento brindado por la Secretaria de Trabajo y Empleo a personas en situación de violencia por razones de género en el ámbito laboral, a través de las herramientas desplegadas por la Dirección General Relaciones del Trabajo en el marco del Convenio 190 de la Organización Internacional del Trabajo (OIT).",1,,,Excel Original,Sistema Automático,sistema@pio.gob.ar,,validado,No,2025-09-12T14:56:13.602Z,2025-09-12T14:56:13.602Z
CANTIDADDEPERSONASAS,Cantidad de personas asesoradas por mes: Total de personas en situación de violencia por razones de género en el ámbito laboral que reciben asesoramiento por parte de la Secretaría de Trabajo y Empleo.,2024,FEB,JUS,Justicia,FCONTINUARCONELASESO,"F) Continuar con el asesoramiento brindado por la Secretaria de Trabajo y Empleo a personas en situación de violencia por razones de género en el ámbito laboral, a través de las herramientas desplegadas por la Dirección General Relaciones del Trabajo en el marco del Convenio 190 de la Organización Internacional del Trabajo (OIT).",2,,,Excel Original,Sistema Automático,sistema@pio.gob.ar,,validado,No,2025-09-12T14:56:13.602Z,2025-09-12T14:56:13.602Z
CANTIDADDEPERSONASAS,Cantidad de personas asesoradas por mes: Total de personas en situación de violencia por razones de género en el ámbito laboral que reciben asesoramiento por parte de la Secretaría de Trabajo y Empleo.,2024,MAR,JUS,Justicia,FCONTINUARCONELASESO,"F) Continuar con el asesoramiento brindado por la Secretaria de Trabajo y Empleo a personas en situación de violencia por razones de género en el ámbito laboral, a través de las herramientas desplegadas por la Dirección General Relaciones del Trabajo en el marco del Convenio 190 de la Organización Internacional del Trabajo (OIT).",5,,,Excel Original,Sistema Automático,sistema@pio.gob.ar,,validado,No,2025-09-12T14:56:13.602Z,2025-09-12T14:56:13.602Z
CANTIDADDEPERSONASAS,Cantidad de personas asesoradas por mes: Total de personas en situación de violencia por razones de género en el ámbito laboral que reciben asesoramiento por parte de la Secretaría de Trabajo y Empleo.,2024,ABR,JUS,Justicia,FCONTINUARCONELASESO,"F) Continuar con el asesoramiento brindado por la Secretaria de Trabajo y Empleo a personas en situación de violencia por razones de género en el ámbito laboral, a través de las herramientas desplegadas por la Dirección General Relaciones del Trabajo en el marco del Convenio 190 de la Organización Internacional del Trabajo (OIT).",6,,,Excel Original,Sistema Automático,sistema@pio.gob.ar,,validado,No,2025-09-12T14:56:13.602Z,2025-09-12T14:56:13.602Z
CANTIDADDEPERSONASAS,Cantidad de personas asesoradas por mes: Total de personas en situación de violencia por razones de género en el ámbito laboral que reciben asesoramiento por parte de la Secretaría de Trabajo y Empleo.,2024,MAY,JUS,Justicia,FCONTINUARCONELASESO,"F) Continuar con el asesoramiento brindado por la Secretaria de Trabajo y Empleo a personas en situación de violencia por razones de género en el ámbito laboral, a través de las herramientas desplegadas por la Dirección General Relaciones del Trabajo en el marco del Convenio 190 de la Organización Internacional del Trabajo (OIT).",3,,,Excel Original,Sistema Automático,sistema@pio.gob.ar,,validado,No,2025-09-12T14:56:13.602Z,2025-09-12T14:56:13.602Z
CANTIDADDEPERSONASAS,Cantidad de personas asesoradas por mes: Total de personas en situación de violencia por razones de género en el ámbito laboral que reciben asesoramiento por parte de la Secretaría de Trabajo y Empleo.,2024,JUN,JUS,Justicia,FCONTINUARCONELASESO,"F) Continuar con el asesoramiento brindado por la Secretaria de Trabajo y Empleo a personas en situación de violencia por razones de género en el ámbito laboral, a través de las herramientas desplegadas por la Dirección General Relaciones del Trabajo en el marco del Convenio 190 de la Organización Internacional del Trabajo (OIT).",0,,,Excel Original,Sistema Automático,sistema@pio.gob.ar,,validado,No,2025-09-12T14:56:13.602Z,2025-09-12T14:56:13.602Z
CANTIDADDEPERSONASAS,Cantidad de personas asesoradas por mes: Total de personas en situación de violencia por razones de género en el ámbito laboral que reciben asesoramiento por parte de la Secretaría de Trabajo y Empleo.,2024,JUL,JUS,Justicia,FCONTINUARCONELASESO,"F) Continuar con el asesoramiento brindado por la Secretaria de Trabajo y Empleo a personas en situación de violencia por razones de género en el ámbito laboral, a través de las herramientas desplegadas por la Dirección General Relaciones del Trabajo en el marco del Convenio 190 de la Organización Internacional del Trabajo (OIT).",7,,,Excel Original,Sistema Automático,sistema@pio.gob.ar,,validado,No,2025-09-12T14:56:13.602Z,2025-09-12T14:56:13.602Z
CANTIDADDEPERSONASAS,Cantidad de personas asesoradas por mes: Total de personas en situación de violencia por razones de género en el ámbito laboral que reciben asesoramiento por parte de la Secretaría de Trabajo y Empleo.,2024,AGO,JUS,Justicia,FCONTINUARCONELASESO,"F) Continuar con el asesoramiento brindado por la Secretaria de Trabajo y Empleo a personas en situación de violencia por razones de género en el ámbito laboral, a través de las herramientas desplegadas por la Dirección General Relaciones del Trabajo en el marco del Convenio 190 de la Organización Internacional del Trabajo (OIT).",7,,,Excel Original,Sistema Automático,sistema@pio.gob.ar,,validado,No,2025-09-12T14:56:13.602Z,2025-09-12T14:56:13.602Z
CANTIDADDEPERSONASAS,Cantidad de personas asesoradas por mes: Total de personas en situación de violencia por razones de género en el ámbito laboral que reciben asesoramiento por parte de la Secretaría de Trabajo y Empleo.,2024,SEP,JUS,Justicia,FCONTINUARCONELASESO,"F) Continuar con el asesoramiento brindado por la Secretaria de Trabajo y Empleo a personas en situación de violencia por razones de género en el ámbito laboral, a través de las herramientas desplegadas por la Dirección General Relaciones del Trabajo en el marco del Convenio 190 de la Organización Internacional del Trabajo (OIT).",6,,,Excel Original,Sistema Automático,sistema@pio.gob.ar,,validado,No,2025-09-12T14:56:13.602Z,2025-09-12T14:56:13.602Z
CANTIDADDEPERSONASAS,Cantidad de personas asesoradas por mes: Total de personas en situación de violencia por razones de género en el ámbito laboral que reciben asesoramiento por parte de la Secretaría de Trabajo y Empleo.,2024,OCT,JUS,Justicia,FCONTINUARCONELASESO,"F) Continuar con el asesoramiento brindado por la Secretaria de Trabajo y Empleo a personas en situación de violencia por razones de género en el ámbito laboral, a través de las herramientas desplegadas por la Dirección General Relaciones del Trabajo en el marco del Convenio 190 de la Organización Internacional del Trabajo (OIT).",4,,,Excel Original,Sistema Automático,sistema@pio.gob.ar,,validado,No,2025-09-12T14:56:13.602Z,2025-09-12T14:56:13.602Z
CANTIDADDEPERSONASAS,Cantidad de personas asesoradas por mes: Total de personas en situación de violencia por razones de género en el ámbito laboral que reciben asesoramiento por parte de la Secretaría de Trabajo y Empleo.,2024,NOV,JUS,Justicia,FCONTINUARCONELASESO,"F) Continuar con el asesoramiento brindado por la Secretaria de Trabajo y Empleo a personas en situación de violencia por razones de género en el ámbito laboral, a través de las herramientas desplegadas por la Dirección General Relaciones del Trabajo en el marco del Convenio 190 de la Organización Internacional del Trabajo (OIT).",2,,,Excel Original,Sistema Automático,sistema@pio.gob.ar,,validado,No,2025-09-12T14:56:13.602Z,2025-09-12T14:56:13.602Z
CANTIDADDEDELEGADASS,Cantidad de delegadas sindicales convocadas a encuentros de difusion de la iniciativa PARES,2024,ENE,JUS,Justicia,GSUMARATRAVSDELASECR,"G) Sumar, a través de la Secretaría de Trabajo y Empleo, a las asociaciones sindicales a la iniciativa PARES.",0,,,Excel Original,Sistema Automático,sistema@pio.gob.ar,,validado,No,2025-09-12T14:56:13.602Z,2025-09-12T14:56:13.602Z
CANTIDADDEDELEGADASS,Cantidad de delegadas sindicales convocadas a encuentros de difusion de la iniciativa PARES,2024,FEB,JUS,Justicia,GSUMARATRAVSDELASECR,"G) Sumar, a través de la Secretaría de Trabajo y Empleo, a las asociaciones sindicales a la iniciativa PARES.",0,,,Excel Original,Sistema Automático,sistema@pio.gob.ar,,validado,No,2025-09-12T14:56:13.602Z,2025-09-12T14:56:13.602Z
CANTIDADDEDELEGADASS,Cantidad de delegadas sindicales convocadas a encuentros de difusion de la iniciativa PARES,2024,MAR,JUS,Justicia,GSUMARATRAVSDELASECR,"G) Sumar, a través de la Secretaría de Trabajo y Empleo, a las asociaciones sindicales a la iniciativa PARES.",0,,,Excel Original,Sistema Automático,sistema@pio.gob.ar,,validado,No,2025-09-12T14:56:13.602Z,2025-09-12T14:56:13.602Z
CANTIDADDEDELEGADASS,Cantidad de delegadas sindicales convocadas a encuentros de difusion de la iniciativa PARES,2024,ABR,JUS,Justicia,GSUMARATRAVSDELASECR,"G) Sumar, a través de la Secretaría de Trabajo y Empleo, a las asociaciones sindicales a la iniciativa PARES.",60,,,Excel Original,Sistema Automático,sistema@pio.gob.ar,,validado,No,2025-09-12T14:56:13.602Z,2025-09-12T14:56:13.602Z
CANTIDADDEDELEGADASS,Cantidad de delegadas sindicales convocadas a encuentros de difusion de la iniciativa PARES,2024,MAY,JUS,Justicia,GSUMARATRAVSDELASECR,"G) Sumar, a través de la Secretaría de Trabajo y Empleo, a las asociaciones sindicales a la iniciativa PARES.",50,,,Excel Original,Sistema Automático,sistema@pio.gob.ar,,validado,No,2025-09-12T14:56:13.602Z,2025-09-12T14:56:13.602Z
CANTIDADDEDELEGADASS,Cantidad de delegadas sindicales convocadas a encuentros de difusion de la iniciativa PARES,2024,JUN,JUS,Justicia,GSUMARATRAVSDELASECR,"G) Sumar, a través de la Secretaría de Trabajo y Empleo, a las asociaciones sindicales a la iniciativa PARES.",60,,,Excel Original,Sistema Automático,sistema@pio.gob.ar,,validado,No,2025-09-12T14:56:13.602Z,2025-09-12T14:56:13.602Z
CANTIDADDEDELEGADASS,Cantidad de delegadas sindicales convocadas a encuentros de difusion de la iniciativa PARES,2024,JUL,JUS,Justicia,GSUMARATRAVSDELASECR,"G) Sumar, a través de la Secretaría de Trabajo y Empleo, a las asociaciones sindicales a la iniciativa PARES.",40,,,Excel Original,Sistema Automático,sistema@pio.gob.ar,,validado,No,2025-09-12T14:56:13.602Z,2025-09-12T14:56:13.602Z
CANTIDADDEDELEGADASS,Cantidad de delegadas sindicales convocadas a encuentros de difusion de la iniciativa PARES,2024,AGO,JUS,Justicia,GSUMARATRAVSDELASECR,"G) Sumar, a través de la Secretaría de Trabajo y Empleo, a las asociaciones sindicales a la iniciativa PARES.",60,,,Excel Original,Sistema Automático,sistema@pio.gob.ar,,validado,No,2025-09-12T14:56:13.602Z,2025-09-12T14:56:13.602Z
CANTIDADDEDELEGADASS,Cantidad de delegadas sindicales convocadas a encuentros de difusion de la iniciativa PARES,2024,SEP,JUS,Justicia,GSUMARATRAVSDELASECR,"G) Sumar, a través de la Secretaría de Trabajo y Empleo, a las asociaciones sindicales a la iniciativa PARES.",50,,,Excel Original,Sistema Automático,sistema@pio.gob.ar,,validado,No,2025-09-12T14:56:13.602Z,2025-09-12T14:56:13.602Z
CANTIDADDEDELEGADASS,Cantidad de delegadas sindicales convocadas a encuentros de difusion de la iniciativa PARES,2024,OCT,JUS,Justicia,GSUMARATRAVSDELASECR,"G) Sumar, a través de la Secretaría de Trabajo y Empleo, a las asociaciones sindicales a la iniciativa PARES.",55,,,Excel Original,Sistema Automático,sistema@pio.gob.ar,,validado,No,2025-09-12T14:56:13.602Z,2025-09-12T14:56:13.602Z
CANTIDADDEDELEGADASS,Cantidad de delegadas sindicales convocadas a encuentros de difusion de la iniciativa PARES,2024,NOV,JUS,Justicia,GSUMARATRAVSDELASECR,"G) Sumar, a través de la Secretaría de Trabajo y Empleo, a las asociaciones sindicales a la iniciativa PARES.",60,,,Excel Original,Sistema Automático,sistema@pio.gob.ar,,validado,No,2025-09-12T14:56:13.602Z,2025-09-12T14:56:13.602Z
CANTIDADDEDELEGADASS,Cantidad de delegadas sindicales convocadas a encuentros de difusion de la iniciativa PARES,2024,DIC,JUS,Justicia,GSUMARATRAVSDELASECR,"G) Sumar, a través de la Secretaría de Trabajo y Empleo, a las asociaciones sindicales a la iniciativa PARES.",30,,,Excel Original,Sistema Automático,sistema@pio.gob.ar,,validado,No,2025-09-12T14:56:13.602Z,2025-09-12T14:56:13.602Z
GARANTIZARELCUMPLIMI,Garantizar el cumplimiento de la capacitación obligatoria en Ley Micaela.,2024,ENE,JEF,Jefatura de Gabinete,JEFATURADEGABINETE,Jefatura de Gabinete,4557,,,Excel Original,Sistema Automático,sistema@pio.gob.ar,,validado,No,2025-09-12T14:56:13.610Z,2025-09-12T14:56:13.610Z
GARANTIZARELCUMPLIMI,Garantizar el cumplimiento de la capacitación obligatoria en Ley Micaela.,2024,SEPT,JEF,Jefatura de Gabinete,JEFATURADEGABINETE,Jefatura de Gabinete,610,,,Excel Original,Sistema Automático,sistema@pio.gob.ar,,validado,No,2025-09-12T14:56:13.610Z,2025-09-12T14:56:13.610Z
GARANTIZARELCUMPLIMI,Garantizar el cumplimiento de la capacitación obligatoria en Ley Micaela.,2024,OCT,JEF,Jefatura de Gabinete,JEFATURADEGABINETE,Jefatura de Gabinete,196,,,Excel Original,Sistema Automático,sistema@pio.gob.ar,,validado,No,2025-09-12T14:56:13.610Z,2025-09-12T14:56:13.610Z
GARANTIZARELCUMPLIMI,Garantizar el cumplimiento de la capacitación obligatoria en Ley Micaela.,2024,NOV,JEF,Jefatura de Gabinete,JEFATURADEGABINETE,Jefatura de Gabinete,553,,,Excel Original,Sistema Automático,sistema@pio.gob.ar,,validado,No,2025-09-12T14:56:13.610Z,2025-09-12T14:56:13.610Z
GARANTIZARELCUPODEMU,"Garantizar el cupo de mujeres en los cursos de los Programas Talento Tech +18 (50%) y Talento Tech -18 (40%), o los que en un futuro los reemplacen.",2024,ENE,EDU,Educación,EDUCACIN228,Educación 22/8,0.39,,,Excel Original,Sistema Automático,sistema@pio.gob.ar,,validado,No,2025-09-12T14:56:13.622Z,2025-09-12T14:56:13.622Z
AACTUALIZARLOSLINEAM,"A) Actualizar los lineamientos para la intervención ante situaciones de violencia por razones de género, identidad de género y discriminación en el marco de la Resolución N° 120/ERSP/19.",2024,JUL,ENT,Ente regulador de servicios públicos,ENTEREGULADORDESERVI,Ente regulador de servicios públicos,1,,,Excel Original,Sistema Automático,sistema@pio.gob.ar,,validado,No,2025-09-12T14:56:13.630Z,2025-09-12T14:56:13.630Z
AACTUALIZARLOSLINEAM,"A) Actualizar los lineamientos para la intervención ante situaciones de violencia por razones de género, identidad de género y discriminación en el marco de la Resolución N° 120/ERSP/19.",2024,AGO,ENT,Ente regulador de servicios públicos,ENTEREGULADORDESERVI,Ente regulador de servicios públicos,1,,,Excel Original,Sistema Automático,sistema@pio.gob.ar,,validado,No,2025-09-12T14:56:13.630Z,2025-09-12T14:56:13.630Z
AACTUALIZARLOSLINEAM,"A) Actualizar los lineamientos para la intervención ante situaciones de violencia por razones de género, identidad de género y discriminación en el marco de la Resolución N° 120/ERSP/19.",2024,SEPT,ENT,Ente regulador de servicios públicos,ENTEREGULADORDESERVI,Ente regulador de servicios públicos,1,,,Excel Original,Sistema Automático,sistema@pio.gob.ar,,validado,No,2025-09-12T14:56:13.630Z,2025-09-12T14:56:13.630Z
AACTUALIZARLOSLINEAM,"A) Actualizar los lineamientos para la intervención ante situaciones de violencia por razones de género, identidad de género y discriminación en el marco de la Resolución N° 120/ERSP/19.",2024,OCT,ENT,Ente regulador de servicios públicos,ENTEREGULADORDESERVI,Ente regulador de servicios públicos,1,,,Excel Original,Sistema Automático,sistema@pio.gob.ar,,validado,No,2025-09-12T14:56:13.630Z,2025-09-12T14:56:13.630Z
AACTUALIZARLOSLINEAM,"A) Actualizar los lineamientos para la intervención ante situaciones de violencia por razones de género, identidad de género y discriminación en el marco de la Resolución N° 120/ERSP/19.",2024,NOV,ENT,Ente regulador de servicios públicos,ENTEREGULADORDESERVI,Ente regulador de servicios públicos,1,,,Excel Original,Sistema Automático,sistema@pio.gob.ar,,validado,No,2025-09-12T14:56:13.630Z,2025-09-12T14:56:13.630Z
CREARENCONJUNTOCONLA,"Crear en conjunto con la Subsecretaría de la Mujer una “Mesa Interministerial de Femicidios” de la Ciudad de Buenos Aires, para el análisis y elaboración de informes estadísticos entorno a los femicidios ocurridos en el ámbito de la Ciudad.",2024,ENE,SEG,Seguridad,SEGURIDAD165,Seguridad 16-5,1,,,Excel Original,Sistema Automático,sistema@pio.gob.ar,,validado,No,2025-09-12T14:56:13.642Z,2025-09-12T14:56:13.642Z
